광명	N07F
광명	N07P
광명	N08F
광명	N08P
광명	N09F
광명	N09P
광명	N10F
광명	N10P
광명	N11P
광명	N13F
광명	N13P
광명	N14P
광명	N15F
광명	N15P
광명	N16P
광명	N21F
광명	N21P
광명	N23F
광명	N23P
광명	N25F
광명	N25P
광명	N27F
광명	N27P
광명	N40F
광명	N40P
광명	N42F
광명	N42P
광명	N44F
광명	N44P
광명	N46F
광명	N46P
광명	N48F
광명	N48P
광명	N50F
광명	N50P
광명	N53F
광명	N53P
광명	N54F
광명	N54P
광명	N57F
광명	N57P
광명	N58F
광명	N58P
화성	N01P
화성	N02F
화성	N02P
화성	N03F
화성	N03P
화성	N04F
화성	N04P
화성	N07F
화성	N07P
화성	N08F
화성	N08P
고덕	N03F
고덕	N03P
고덕	N04F
고덕	N04P
고덕	N07F
고덕	N07P
고덕	N08F
고덕	N08P
남산	1748F
남산	1748P
남산	1750F
남산	1750P