광명	AM0433
광명	CHT0409_0410
광명	DE0250S
광명	AM0430
광명	AM0458_0457
광명	AM0424
광명	AR0303
광명	AM0427
광명	AM0436
광명	AM0403_0404
광명	AM0456
광명	AR0157
광명	AM0426
광명	AM0435
광명	XETU0448A
광명	ALP0406BP
광명	ALP0153S
광명	DE0420
광명	AM0429
광명	CHT0407_0408
광명	CHT0453_0454
광명	AM0438
광명	AM0432
광명	AM0439
광명	AM0417
광명	DE0250P
광명	AM0428
광명	XETU0433B
광명	ELP0402P
광명	AM0402
광명	AM0425
광명	AM0434
광명	AM0431
광명	ELP0157S
광명	CHT0457_0458
광명	AM0437
반월	ACCT0660BP
반월	ECCT0645AP
반월	EXTU0639A
반월	ECCT0656S
반월	ACCT0639AS
반월	ECCT0656P
반월	EXTU0644
반월	XETU0645B
반월	ACCT0644S
반월	ACCT0645BP
반월	ECCT0645AS
반월	XETU0660B
매송	EXTU0808
매송	EXTU0833A
매송	HBD0818P
매송	HBD0804S
매송	EXTU0805A
매송	XETU0836A
매송	HBD0801AS
매송	EXTU0844B
매송	XETU0829
매송	HBD0811BP
화성	AM1213
화성	XETU0851
화성	AM1256
화성	CHT1203_1204
화성	ACCT1213AP
화성	EXTU1202
화성	AM1201_1202
화성	ACCT0858S
화성	AM1258_1257
화성	EXTU1203A
화성	ECCT1202S
화성	AM1214
화성	XETU0856B
화성	AM1203
화성	ACCT0853S
화성	ECCT1203AP
화성	CHT1207_1208
화성	ECCT1203AS
화성	ECCT1202P
화성	ACCT1256DP
고덕	XETU1603A
고덕	AM1603
고덕	ACCT1814AS
고덕	EXTU1603E
고덕	AM1601_1602
고덕	CHT1603_1604
고덕	ACCT1811BS
고덕	AM1658_1657
고덕	XETU1656C
고덕	CHT1607_1608
고덕	AM1656
고덕	EXTU1656A
남산	ACCT1572AC
남산	ACCT1569AC
남산	EXTU1713
남산	AM1703
남산	ACCT1703AP
남산	ECCT1815S
남산	ECCT1572BC
남산	ECCT1702BP
남산	ECCT1557BS
남산	AM1711
남산	AM1713
남산	ACCT1756DP
남산	ECCT1702BS
남산	ECCT1557BC
남산	ECCT1572BS
남산	AM1701
남산	EXTU1756F
남산	AM1756
남산	ECCT1815P
남산	AM1758
둔포	HBD1821BS
둔포	XETU1849
둔포	HBD1848BP
둔포	HBD1837AP
둔포	HBD1830AS
둔포	XETU1852A